item_no,name,category,subcategory,chassis,compatibility,motor_type,beginner_level,upgrade_stage,purpose_tags,bmax_approved,catalog_tier,recommended,description,source_url,image_url,image_status,price_dkk,original_price_dkk,stock_qty,unbuilt_stock,built_stock,status,published,available,is_collectors_vault,catalog_order,id,shipping_class,part_group,is_complete_car_kit,is_club_asset,pricing_source,approved_regular_price_dkk,has_unresolved_duplicate,has_uncertain_edition,is_internal_test_record,is_archived_by_admin,is_preorder_enabled,force_coming_soon
18099,Ray Spear,cars,Mini 4WD Kit,VZ,VZ,Single-shaft,Beginner,Box Stock,First Car|Box Stock|B-MAX Base,true,core,true,"Lightweight VZ car that is easy to build, easy to tune and a strong first choice for Box Stock or a future B-MAX build.",https://www.tamiya.com/english/products/18099/index.html,,needs approved upload,319,0,0,0,0,coming soon,false,false,false,1,tamiya-18099-ray-spear,complete_car_kit,,true,false,board_approved_fixed_price,319,false,false,false,false,false,false
18094,Neo-VQS,cars,Mini 4WD Kit,VZ,VZ,Single-shaft,Beginner,Box Stock,First Car|Box Stock|B-MAX Base,true,core,true,Popular VZ platform with a low body and wide parts compatibility. A practical beginner car with a clear upgrade path.,https://www.tamiya.com/english/products/18094/index.html,,needs approved upload,0,0,0,0,0,coming soon,false,false,false,2,tamiya-18094-neo-vqs,complete_car_kit,,true,false,unverified,,false,false,false,false,false,false
18103,Cross Spear 01,cars,Mini 4WD Kit,VZ,VZ,Single-shaft,Intermediate,Box Stock,First Car|Box Stock|B-MAX Base,true,expansion,false,Modern VZ kit for racers who want a newer body while keeping the same beginner-friendly upgrade ecosystem.,https://www.tamiya.com/english/products/18103/index.html,,needs approved upload,0,0,0,0,0,coming soon,false,false,false,3,tamiya-18103-cross-spear-01,complete_car_kit,,true,false,unverified,,false,false,false,false,false,false
18714,Mach Frame,cars,Mini 4WD Kit,FM-A,FM-A,Single-shaft,Beginner,Box Stock,First Car|Box Stock|B-MAX Base,true,core,true,Front-motor FM-A car with predictable braking and strong stability. One of the easiest chassis to explain to new racers.,https://www.tamiya.com/english/products/18714/index.html,,needs approved upload,0,0,0,0,0,coming soon,false,false,false,4,tamiya-18714-mach-frame,complete_car_kit,,true,false,unverified,,false,false,false,false,false,false
18718,K4 Gambol,cars,Mini 4WD Kit,FM-A,FM-A,Single-shaft,Intermediate,Box Stock,First Car|Box Stock|B-MAX Base,true,expansion,false,Fun FM-A kit with a distinctive body. Suitable for beginners who prefer style without losing B-MAX upgrade compatibility.,https://www.tamiya.com/english/products/18718/index.html,,needs approved upload,0,0,0,0,0,coming soon,false,false,false,5,tamiya-18718-k4-gambol,complete_car_kit,,true,false,unverified,,false,false,false,false,false,false
19451,Gun Bluster XTO Premium,cars,Mini 4WD Kit,FM-A,FM-A,Single-shaft,Intermediate,Box Stock,First Car|Box Stock|B-MAX Base,true,special_order,false,Premium front-motor kit for fans of classic Fully Cowled designs. Keep as preorder or limited stock.,https://www.tamiya.com/english/products/19451/index.html,,needs approved upload,359,0,0,0,0,coming soon,false,false,true,6,tamiya-19451-gun-bluster-xto-premium,complete_car_kit,,true,false,board_approved_fixed_price,359,false,false,false,false,false,false
18701,Aero Avante,cars,Mini 4WD Kit,AR,AR,Single-shaft,Beginner,Box Stock,First Car|Box Stock|B-MAX Base,true,core,true,Reliable AR chassis with wide parts compatibility and simple maintenance. A strong shop demonstration and workshop car.,https://www.tamiya.com/english/products/18701/index.html,,needs approved upload,0,0,0,0,0,coming soon,false,false,false,7,tamiya-18701-aero-avante,complete_car_kit,,true,false,unverified,,false,false,false,false,false,false
18705,Flame Astute,cars,Mini 4WD Kit,AR,AR,Single-shaft,Beginner,Box Stock,First Car|Box Stock|B-MAX Base,true,core,true,"AR chassis car with a low racing body. Good for Box Stock and an easy platform for learning brakes, rollers and dampers.",https://www.tamiya.com/english/products/18705/index.html,,needs approved upload,299,0,0,0,0,coming soon,false,false,false,8,tamiya-18705-flame-astute,complete_car_kit,,true,false,board_approved_fixed_price,299,false,false,false,false,false,false
18704,Shadow Shark,cars,Mini 4WD Kit,AR,AR,Single-shaft,Intermediate,Box Stock,First Car|Box Stock|B-MAX Base,true,expansion,false,Stable AR platform with a Formula-style body. Recommended for customers who want a classic racing appearance.,https://www.tamiya.com/english/products/18704/index.html,,needs approved upload,299,0,0,0,0,coming soon,false,false,false,9,tamiya-18704-shadow-shark,complete_car_kit,,true,false,board_approved_fixed_price,299,false,false,false,false,false,false
19447,Beak Stinger G,cars,Mini 4WD Kit,AR,AR,Single-shaft,Intermediate,Box Stock,First Car|Box Stock|B-MAX Base,true,expansion,false,Fully Cowled AR kit with broad upgrade compatibility. Good for customers who prefer anime-era body designs.,https://www.tamiya.com/english/products/19447/index.html,,needs approved upload,359,0,0,0,0,coming soon,false,false,true,10,tamiya-19447-beak-stinger-g,complete_car_kit,,true,false,board_approved_fixed_price,359,false,false,false,false,false,false
19443,Diospada Premium,cars,Mini 4WD Kit,AR,AR,Single-shaft,Intermediate,Box Stock,First Car|Box Stock|B-MAX Base,true,special_order,false,Premium AR kit aimed at collectors and experienced beginners. Keep as limited stock or preorder.,https://www.tamiya.com/english/products/19443/index.html,,needs approved upload,249,0,0,0,0,coming soon,false,false,true,11,tamiya-19443-diospada-premium,complete_car_kit,,true,false,board_approved_fixed_price,249,false,false,false,false,false,false
18646,DCR-01,cars,Mini 4WD Kit,MA,MA,PRO dual-shaft,Beginner,Box Stock,First Car|Box Stock|B-MAX Base,true,core,true,Balanced MA dual-shaft car with simple assembly and excellent stability. One of the best introductions to PRO motors.,https://www.tamiya.com/english/products/18646/index.html,,needs approved upload,0,0,0,0,0,coming soon,false,false,false,12,tamiya-18646-dcr-01,complete_car_kit,,true,false,unverified,,false,false,false,false,false,false
18657,Ignicion,cars,Mini 4WD Kit,MA,MA,PRO dual-shaft,Beginner,Box Stock,First Car|Box Stock|B-MAX Base,true,core,true,"Modern MA kit that combines easy assembly, balanced handling and a straightforward B-MAX upgrade route.",https://www.tamiya.com/english/products/18657/index.html,,needs approved upload,0,0,0,0,0,coming soon,false,false,false,13,tamiya-18657-ignicion,complete_car_kit,,true,false,unverified,,false,false,false,false,false,false
18640,Raikiri,cars,Mini 4WD Kit,MA,MA,PRO dual-shaft,Intermediate,Box Stock,First Car|Box Stock|B-MAX Base,true,expansion,false,Popular MA kit with a low sports-car body. Good for customers who value appearance and stable handling.,https://www.tamiya.com/english/products/18640/index.html,,needs approved upload,0,0,0,0,0,coming soon,false,false,false,14,tamiya-18640-raikiri,complete_car_kit,,true,false,unverified,,false,false,false,false,false,false
18627,Avante Mk.III Nero,cars,Mini 4WD Kit,MS,MS,PRO dual-shaft,Intermediate,Box Stock,First Car|Box Stock|B-MAX Base,true,expansion,false,Classic MS dual-shaft platform for racers who want to learn center-chassis tuning and PRO motor setups.,https://www.tamiya.com/english/products/18627/index.html,,needs approved upload,0,0,0,0,0,coming soon,false,false,false,15,tamiya-18627-avante-mk-iii-nero,complete_car_kit,,true,false,unverified,,false,false,false,false,false,false
19438,Ray Stinger Premium,cars,Mini 4WD Kit,Super-II,Super-II,Single-shaft,Intermediate,Box Stock,First Car|Box Stock|B-MAX Base,true,special_order,false,Super-II option for classic Fully Cowled fans. Useful as a special-order chassis rather than a large stock item.,https://www.tamiya.com/english/products/19438/index.html,,needs approved upload,0,0,0,0,0,coming soon,false,false,true,16,tamiya-19438-ray-stinger-premium,complete_car_kit,,true,false,unverified,,false,false,false,false,false,false
92462,Mach Frame Philippine Cup Special,cars,Limited Edition Mini 4WD Kit,FM-A,FM-A,Single-shaft,Intermediate,Collector / B-MAX Base,Limited Edition|Collector|B-MAX Base,true,special_order,false,Philippine Cup edition of the popular FM-A Mach Frame. Keep this as a special-order collector kit rather than a required beginner purchase.,https://www.tamiyausa.com/shop/132-rev/jr-mach-frame-philippine-cup-2/,,needs approved upload,469,0,0,0,0,coming soon,false,false,true,17,tamiya-92462-mach-frame-philippine-cup-special,complete_car_kit,,true,false,board_approved_fixed_price,469,false,false,false,false,false,false
95706,Geo Glider Asia Challenge 2026 Special,cars,Limited Edition Mini 4WD Kit,FM-A,FM-A,Single-shaft,Intermediate,Collector / B-MAX Base,Limited Edition|Collector|B-MAX Base,true,special_order,false,2026 Asia Challenge special-edition FM-A kit. List only when supply is confirmed because availability is expected to be limited.,https://www.tamiya.com/english/newstopics/2026/0115messe2026news/index.html,,needs approved upload,429,0,0,0,0,coming soon,false,false,true,18,tamiya-95706-geo-glider-asia-challenge-2026-special,complete_car_kit,,true,false,board_approved_fixed_price,429,false,false,false,false,false,false
95571,Exflowly Polycarbonate Body Special (Purple),cars,Limited Edition Mini 4WD Kit,MS,MS,PRO dual-shaft,Advanced Beginner,Collector / B-MAX Base,Limited Edition|Polycarbonate Body|Collector,true,special_order,false,"Purple polycarbonate-body MS special. Attractive for collectors and experienced builders, but not necessary for a first car.",https://www.tamiya.com/japan/products/95571/index.html,,needs approved upload,389,0,0,0,0,coming soon,false,false,true,19,tamiya-95571-exflowly-polycarbonate-body-special-purple,complete_car_kit,,true,false,board_approved_fixed_price,389,false,false,false,false,false,false
95126,Cyclone Magnum Memorial 25th Anniversary,cars,Limited Edition Mini 4WD Kit,Super TZ-X,Super TZ-X,Single-shaft,Intermediate,Collector,25th Anniversary|Collector|Limited Edition,true,special_order,false,Anniversary collector kit on the Super TZ-X chassis. Keep it separate from the recommended beginner chassis selection.,https://www.tamiya.com/japan/products/95126/index.html,,needs approved upload,389,0,0,0,0,coming soon,false,false,true,20,tamiya-95126-cyclone-magnum-memorial-25th-anniversary,complete_car_kit,,true,false,board_approved_fixed_price,389,false,false,false,false,false,false
15526,Basic Tune-Up Parts Set for VZ Chassis,parts,Starter Upgrade Sets,VZ,VZ,Not applicable,Beginner,First Upgrade,Stability|Rollers|Damper,true,core,true,"The simplest first upgrade for a VZ car. Adds the essential plates, rollers and control parts in one compatible package.",https://www.tamiya.com/english/products/15526/index.html,,needs approved upload,0,0,0,0,0,coming soon,false,false,false,21,tamiya-15526-basic-tune-up-parts-set-for-vz-chassis,bulky_upgrade,starter_upgrade_sets,false,false,unverified,,false,false,false,false,false,false
15514,Basic Tune-Up Parts Set for FM-A Chassis,parts,Starter Upgrade Sets,FM-A,FM-A,Not applicable,Beginner,First Upgrade,Stability|Rollers|Damper,true,core,true,A complete first-step FM-A package. Recommended before customers buy individual aluminum rollers or faster motors.,https://www.tamiya.com/english/products/15514/index.html,,needs approved upload,0,0,0,0,0,coming soon,false,false,false,22,tamiya-15514-basic-tune-up-parts-set-for-fm-a-chassis,bulky_upgrade,starter_upgrade_sets,false,false,unverified,,false,false,false,false,false,false
15476,Basic Tune-Up Parts Set for MA Chassis,parts,Starter Upgrade Sets,MA,MA,Not applicable,Beginner,First Upgrade,Stability|Rollers|Damper,true,core,true,Beginner bundle for MA cars that adds stability parts without requiring customers to understand every component separately.,https://www.tamiya.com/english/products/15476/index.html,,needs approved upload,0,0,0,0,0,coming soon,false,false,false,23,tamiya-15476-basic-tune-up-parts-set-for-ma-chassis,bulky_upgrade,starter_upgrade_sets,false,false,unverified,,false,false,false,false,false,false
15450,Basic Tune-Up Parts Set for AR Chassis,parts,Starter Upgrade Sets,AR,AR,Not applicable,Beginner,First Upgrade,Stability|Rollers|Damper,true,core,true,"Straightforward AR upgrade set for learning front and rear plates, rollers and basic landing control.",https://www.tamiya.com/english/products/15450/index.html,,needs approved upload,0,0,0,0,0,coming soon,false,false,false,24,tamiya-15450-basic-tune-up-parts-set-for-ar-chassis,bulky_upgrade,starter_upgrade_sets,false,false,unverified,,false,false,false,false,false,false
15484,Torque-Tuned 2 Motor,parts,Motors,Universal,FM-A|VZ|AR|Super-II|Super X|Super XX|VS,Single-shaft,Beginner,Speed Upgrade,Acceleration|Technical Track,true,core,true,More acceleration and climbing power than the kit motor. Best first motor for short or technical layouts.,https://www.tamiya.com/english/products/15484/index.html,,needs approved upload,0,0,0,0,0,coming soon,false,false,false,25,tamiya-15484-torque-tuned-2-motor,small_part,motors,false,false,unverified,,false,false,false,false,false,false
15485,Rev-Tuned 2 Motor,parts,Motors,Universal,FM-A|VZ|AR|Super-II|Super X|Super XX|VS,Single-shaft,Beginner,Speed Upgrade,Top Speed|Long Straight,true,expansion,false,Higher-rev motor for layouts with longer straights. Recommend only after the car is stable.,https://www.tamiya.com/english/products/15485/index.html,,needs approved upload,0,0,0,0,0,coming soon,false,false,false,26,tamiya-15485-rev-tuned-2-motor,small_part,motors,false,false,unverified,,false,false,false,false,false,false
15486,Atomic-Tuned 2 Motor,parts,Motors,Universal,FM-A|VZ|AR|Super-II|Super X|Super XX|VS,Single-shaft,Beginner,Speed Upgrade,Balanced Speed|All-Round,true,core,true,Balanced first motor upgrade for customers who do not yet know whether they need torque or maximum revs.,https://www.tamiya.com/english/products/15486/index.html,,needs approved upload,0,0,0,0,0,coming soon,false,false,false,27,tamiya-15486-atomic-tuned-2-motor,small_part,motors,false,false,unverified,,false,false,false,false,false,false
15455,Light-Dash Motor,parts,Motors,Universal,FM-A|VZ|AR|Super-II|Super X|Super XX|VS,Single-shaft,Intermediate,Speed Upgrade,Balanced Speed|Race Motor,true,expansion,false,Intermediate motor between tuned motors and Hyper-Dash. Suitable after basic brakes and rollers are installed.,https://www.tamiya.com/english/products/15455/index.html,,needs approved upload,0,0,0,0,0,coming soon,false,false,false,28,tamiya-15455-light-dash-motor,small_part,motors,false,false,unverified,,false,false,false,false,false,false
15477,Hyper-Dash 3 Motor,parts,Motors,Universal,FM-A|VZ|AR|Super-II|Super X|Super XX|VS,Single-shaft,Intermediate,Competitive B-MAX,Speed|Race Motor,true,core,true,"Strong all-round race motor. Sell with a warning that the car should already have brakes, rollers and landing control.",https://www.tamiya.com/english/products/15477/index.html,,needs approved upload,0,0,0,0,0,coming soon,false,false,false,29,tamiya-15477-hyper-dash-3-motor,small_part,motors,false,false,unverified,,false,false,false,false,false,false
15487,Torque-Tuned 2 Motor PRO,parts,Motors,Universal,MA|MS|ME,PRO dual-shaft,Beginner,Speed Upgrade,Acceleration|Technical Track,true,core,true,"Dual-shaft torque motor for MA, MS and ME cars. A safe first PRO motor upgrade.",https://www.tamiya.com/english/products/15487/index.html,,needs approved upload,0,0,0,0,0,coming soon,false,false,false,30,tamiya-15487-torque-tuned-2-motor-pro,small_part,motors,false,false,unverified,,false,false,false,false,false,false
15488,Rev-Tuned 2 Motor PRO,parts,Motors,Universal,MA|MS|ME,PRO dual-shaft,Beginner,Speed Upgrade,Top Speed|Long Straight,true,expansion,false,"Dual-shaft high-rev motor for MA, MS and ME cars. Best after basic stability parts are fitted.",https://www.tamiya.com/english/products/15488/index.html,,needs approved upload,0,0,0,0,0,coming soon,false,false,false,31,tamiya-15488-rev-tuned-2-motor-pro,small_part,motors,false,false,unverified,,false,false,false,false,false,false
15489,Atomic-Tuned 2 Motor PRO,parts,Motors,Universal,MA|MS|ME,PRO dual-shaft,Beginner,Speed Upgrade,Balanced Speed|All-Round,true,core,true,"Balanced dual-shaft motor for new MA, MS and ME racers.",https://www.tamiya.com/english/products/15489/index.html,,needs approved upload,0,0,0,0,0,coming soon,false,false,false,32,tamiya-15489-atomic-tuned-2-motor-pro,small_part,motors,false,false,unverified,,false,false,false,false,false,false
15402,Light-Dash Motor PRO,parts,Motors,Universal,MA|MS|ME,PRO dual-shaft,Intermediate,Speed Upgrade,Balanced Speed|Race Motor,true,expansion,false,Intermediate dual-shaft motor for racers moving beyond tuned motors.,https://www.tamiya.com/english/products/15402/index.html,,needs approved upload,0,0,0,0,0,coming soon,false,false,false,33,tamiya-15402-light-dash-motor-pro,small_part,motors,false,false,unverified,,false,false,false,false,false,false
15375,Hyper-Dash Motor PRO,parts,Motors,Universal,MA|MS|ME,PRO dual-shaft,Intermediate,Competitive B-MAX,Speed|Race Motor,true,core,true,Competitive all-round dual-shaft motor. Recommend brakes and stable roller settings before use.,https://www.tamiya.com/english/products/15375/index.html,,needs approved upload,0,0,0,0,0,coming soon,false,false,false,34,tamiya-15375-hyper-dash-motor-pro,small_part,motors,false,false,unverified,,false,false,false,false,false,false
15512,Brake Sponge Set Mild 1/2/3mm Blue,parts,Brakes/Dampers,Universal,FM-A|VZ|AR|MA|MS|ME|Super-II,Not applicable,Beginner,Control Upgrade,Braking|Jump Control,true,core,true,Mild brake material in three thicknesses. Easy for beginners to tune without slowing the car too aggressively.,https://www.tamiya.com/english/products/15512/index.html,,needs approved upload,0,0,0,0,0,coming soon,false,false,false,35,tamiya-15512-brake-sponge-set-mild-1-2-3mm-blue,small_part,brakes_dampers,false,false,unverified,,false,false,false,false,false,false
15492,Brake Sponge Set 1/2/3mm White,parts,Brakes/Dampers,Universal,FM-A|VZ|AR|MA|MS|ME|Super-II,Not applicable,Beginner,Control Upgrade,Braking|Jump Control,true,core,true,General-purpose brake material in three thicknesses for adjusting slope entry and jump speed.,https://www.tamiya.com/english/products/15492/index.html,,needs approved upload,0,0,0,0,0,coming soon,false,false,false,36,tamiya-15492-brake-sponge-set-1-2-3mm-white,small_part,brakes_dampers,false,false,unverified,,false,false,false,false,false,false
15458,Brake Set for AR Chassis,parts,Brakes/Dampers,Universal,AR|MA|FM-A|MS|Super-II,Not applicable,Beginner,Control Upgrade,Braking|Jump Control,true,expansion,false,Simple bolt-on brake system for compatible chassis. Useful when customers want a complete brake assembly.,https://www.tamiya.com/english/products/15458/index.html,,needs approved upload,0,0,0,0,0,coming soon,false,false,false,37,tamiya-15458-brake-set-for-ar-chassis,small_part,brakes_dampers,false,false,unverified,,false,false,false,false,false,false
15518,FRP Rear Brake Stay Set,parts,Brakes/Dampers,Universal,FM-A|VZ|AR|MA|MS|ME|Super-II,Not applicable,Intermediate,Competitive B-MAX,Braking|Rear Plate,true,core,true,Strong rear brake base that lets racers position sponge more accurately.,https://www.tamiya.com/english/products/15518/index.html,,needs approved upload,0,0,0,0,0,coming soon,false,false,false,38,tamiya-15518-frp-rear-brake-stay-set,small_part,brakes_dampers,false,false,unverified,,false,false,false,false,false,false
15405,Front Under Guard,parts,Brakes/Dampers,Universal,FM-A|VZ|AR|MA|MS|ME|Super-II,Not applicable,Beginner,Control Upgrade,Track Entry|Protection,true,expansion,false,Helps the front of the car pass track joints and slopes more smoothly while protecting the chassis underside.,https://www.tamiya.com/english/products/15405/index.html,,needs approved upload,0,0,0,0,0,coming soon,false,false,false,39,tamiya-15405-front-under-guard,small_part,brakes_dampers,false,false,unverified,,false,false,false,false,false,false
15392,Mass Damper Set,parts,Brakes/Dampers,Universal,FM-A|VZ|AR|MA|MS|ME|Super-II,Not applicable,Beginner,Control Upgrade,Landing|Bounce Control,true,core,true,Basic weights that reduce bouncing after jumps. One of the most useful stability upgrades for new racers.,https://www.tamiya.com/english/products/15392/index.html,,needs approved upload,0,0,0,0,0,coming soon,false,false,false,40,tamiya-15392-mass-damper-set,small_part,brakes_dampers,false,false,unverified,,false,false,false,false,false,false
15401,Mass Damper Set Heavy,parts,Brakes/Dampers,Universal,FM-A|VZ|AR|MA|MS|ME|Super-II,Not applicable,Intermediate,Competitive B-MAX,Landing|Heavy Damper,true,expansion,false,Heavier landing-control option for cars that still bounce or leave the track after jumps.,https://www.tamiya.com/english/products/15401/index.html,,needs approved upload,0,0,0,0,0,coming soon,false,false,false,41,tamiya-15401-mass-damper-set-heavy,small_part,brakes_dampers,false,false,unverified,,false,false,false,false,false,false
15501,Slimline Mass Damper Set,parts,Brakes/Dampers,Universal,FM-A|VZ|AR|MA|MS|ME|Super-II,Not applicable,Beginner,Control Upgrade,Landing|Compact Damper,true,core,true,Compact dampers that fit many B-MAX layouts without taking excessive space.,https://www.tamiya.com/english/products/15501/index.html,,needs approved upload,0,0,0,0,0,coming soon,false,false,false,42,tamiya-15501-slimline-mass-damper-set,small_part,brakes_dampers,false,false,unverified,,false,false,false,false,false,false
15459,Side Mass Damper Set for AR Chassis,parts,Brakes/Dampers,Universal,FM-A|AR|MA|Super XX,Not applicable,Beginner,Control Upgrade,Landing|Side Damper,true,expansion,false,Complete side-damper package for compatible chassis. Easier than buying plates and weights separately.,https://www.tamiya.com/english/products/15459/index.html,,needs approved upload,0,0,0,0,0,coming soon,false,false,false,43,tamiya-15459-side-mass-damper-set-for-ar-chassis,small_part,brakes_dampers,false,false,unverified,,false,false,false,false,false,false
15490,Side Mass Damper Set for MA Chassis,parts,Brakes/Dampers,Universal,MA|AR|Super XX,Not applicable,Beginner,Control Upgrade,Landing|Side Damper,true,expansion,false,MA-focused side-damper set that gives new racers a clear bolt-on landing-control solution.,https://www.tamiya.com/english/products/15490/index.html,,needs approved upload,0,0,0,0,0,coming soon,false,false,false,44,tamiya-15490-side-mass-damper-set-for-ma-chassis,small_part,brakes_dampers,false,false,unverified,,false,false,false,false,false,false
15381,Low-Friction Roller Set,parts,Rollers/Stabilizers,Universal,FM-A|VZ|AR|MA|MS|ME|Super-II,Not applicable,Beginner,First Upgrade,Cornering|Budget Roller,true,core,true,Low-cost roller upgrade for smoother wall contact. Ideal before customers invest in aluminum rollers.,https://www.tamiya.com/english/products/15381/index.html,,needs approved upload,0,0,0,0,0,coming soon,false,false,false,45,tamiya-15381-low-friction-roller-set,small_part,rollers,false,false,unverified,,false,false,false,false,false,false
15457,Low-Friction Plastic Double Rollers 13-12mm,parts,Rollers/Stabilizers,Universal,FM-A|VZ|AR|MA|MS|ME|Super-II,Not applicable,Beginner,First Upgrade,Cornering|Double Roller,true,core,true,Budget double rollers that improve wall contact and stability.,https://www.tamiya.com/english/products/15457/index.html,,needs approved upload,0,0,0,0,0,coming soon,false,false,false,46,tamiya-15457-low-friction-plastic-double-rollers-13-12mm,small_part,rollers,false,false,unverified,,false,false,false,false,false,false
15525,Low-Friction Plastic Double Rollers with Rubber Rings 13-12mm,parts,Rollers/Stabilizers,Universal,FM-A|VZ|AR|MA|MS|ME|Super-II,Not applicable,Beginner,Control Upgrade,Cornering|Grip Control,true,expansion,false,Double rollers with rubber rings for additional control where the setup needs more wall grip.,https://www.tamiya.com/english/products/15525/index.html,,needs approved upload,0,0,0,0,0,coming soon,false,false,false,47,tamiya-15525-low-friction-plastic-double-rollers-with-rubber-rings-13-12mm,small_part,rollers,false,false,unverified,,false,false,false,false,false,false
15398,Double Aluminum Rollers 13-12mm,parts,Rollers/Stabilizers,Universal,FM-A|VZ|AR|MA|MS|ME|Super-II,Not applicable,Intermediate,Competitive B-MAX,Cornering|Aluminum Roller,true,core,true,Popular durable front roller option for competitive B-MAX setups.,https://www.tamiya.com/english/products/15398/index.html,,needs approved upload,0,0,0,0,0,coming soon,false,false,false,48,tamiya-15398-double-aluminum-rollers-13-12mm,small_part,rollers,false,false,unverified,,false,false,false,false,false,false
15449,17mm Aluminum Rollers with Plastic Rings,parts,Rollers/Stabilizers,Universal,FM-A|VZ|AR|MA|MS|ME|Super-II,Not applicable,Intermediate,Competitive B-MAX,Cornering|Rear Roller,true,expansion,false,17mm aluminum rollers with plastic rings for smooth and durable wall contact.,https://www.tamiya.com/english/products/15449/index.html,,needs approved upload,0,0,0,0,0,coming soon,false,false,false,49,tamiya-15449-17mm-aluminum-rollers-with-plastic-rings,small_part,rollers,false,false,unverified,,false,false,false,false,false,false
15464,HG 19mm Aluminum Ball-Race Rollers Ringless,parts,Rollers/Stabilizers,Universal,FM-A|VZ|AR|MA|MS|ME|Super-II,Not applicable,Intermediate,Competitive B-MAX,Cornering|Rear Roller,true,core,true,"Common 19mm rear roller choice for stable, low-friction B-MAX setups.",https://www.tamiya.com/english/products/15464/index.html,,needs approved upload,0,0,0,0,0,coming soon,false,false,false,50,tamiya-15464-hg-19mm-aluminum-ball-race-rollers-ringless,small_part,rollers,false,false,unverified,,false,false,false,false,false,false
15408,Long Stabilizing Pole and 13mm Roller Set,parts,Rollers/Stabilizers,Universal,FM-A|VZ|AR|MA|MS|ME|Super-II,Not applicable,Beginner,Control Upgrade,Stabilizer|Course-Out Prevention,true,core,true,Simple stabilizer package that helps keep the car upright when it leans against the course wall.,https://www.tamiya.com/english/products/15408/index.html,,needs approved upload,0,0,0,0,0,coming soon,false,false,false,51,tamiya-15408-long-stabilizing-pole-and-13mm-roller-set,small_part,rollers,false,false,unverified,,false,false,false,false,false,false
15391,Large-Diameter Stabilizer Head Set 11/15mm,parts,Rollers/Stabilizers,Universal,FM-A|VZ|AR|MA|MS|ME|Super-II,Not applicable,Beginner,Control Upgrade,Stabilizer|Course-Out Prevention,true,core,true,Stabilizer heads for reducing rollovers and wall climbing.,https://www.tamiya.com/english/products/15391/index.html,,needs approved upload,0,0,0,0,0,coming soon,false,false,false,52,tamiya-15391-large-diameter-stabilizer-head-set-11-15mm,small_part,rollers,false,false,unverified,,false,false,false,false,false,false
15528,Hi-Mount Tube Stabilizer Set Black,parts,Rollers/Stabilizers,Universal,FM-A|VZ|AR|MA|MS|ME|Super-II,Not applicable,Intermediate,Competitive B-MAX,Stabilizer|High Mount,true,expansion,false,Compact high-mounted stabilizer option for more advanced B-MAX layouts.,https://www.tamiya.com/english/products/15528/index.html,,needs approved upload,0,0,0,0,0,coming soon,false,false,false,53,tamiya-15528-hi-mount-tube-stabilizer-set-black,small_part,rollers,false,false,unverified,,false,false,false,false,false,false
15394,FRP Multi Roller Setting Stay,parts,Plates,Universal,FM-A|VZ|AR|MA|MS|ME|Super-II,Not applicable,Beginner,First Upgrade,Front Plate|Roller Mount,true,core,true,Affordable universal FRP plate for adding and positioning rollers.,https://www.tamiya.com/english/products/15394/index.html,,needs approved upload,0,0,0,0,0,coming soon,false,false,false,54,tamiya-15394-frp-multi-roller-setting-stay,small_part,plates,false,false,unverified,,false,false,false,false,false,false
15430,FRP Rear Multi Roller Setting Stay,parts,Plates,Universal,FM-A|VZ|AR|MA|MS|ME|Super-II,Not applicable,Beginner,First Upgrade,Rear Plate|Roller Mount,true,core,true,"Affordable rear FRP plate for rollers, dampers and brake assemblies.",https://www.tamiya.com/english/products/15430/index.html,,needs approved upload,0,0,0,0,0,coming soon,false,false,false,55,tamiya-15430-frp-rear-multi-roller-setting-stay,small_part,plates,false,false,unverified,,false,false,false,false,false,false
15451,FRP Wide Front Plate for AR Chassis,parts,Plates,Universal,AR|MA|FM-A,Not applicable,Beginner,First Upgrade,Front Plate|Wide Setting,true,core,true,Wide front FRP plate that makes roller placement easier on compatible chassis.,https://www.tamiya.com/english/products/15451/index.html,,needs approved upload,0,0,0,0,0,coming soon,false,false,false,56,tamiya-15451-frp-wide-front-plate-for-ar-chassis,small_part,plates,false,false,unverified,,false,false,false,false,false,false
15452,FRP Wide Rear Plate for AR Chassis,parts,Plates,Universal,AR|MA|FM-A,Not applicable,Beginner,First Upgrade,Rear Plate|Wide Setting,true,core,true,Wide rear FRP plate for stable roller spacing and basic B-MAX layouts.,https://www.tamiya.com/english/products/15452/index.html,,needs approved upload,0,0,0,0,0,coming soon,false,false,false,57,tamiya-15452-frp-wide-rear-plate-for-ar-chassis,small_part,plates,false,false,unverified,,false,false,false,false,false,false
15472,FRP Wide Front Plate for Fully Cowled Mini 4WD,parts,Plates,Universal,FM-A|VZ|AR|MA|MS|ME|Super-II,Not applicable,Beginner,First Upgrade,Front Plate|Fully Cowled,true,expansion,false,Front plate designed for many Fully Cowled bodies where standard plates may interfere.,https://www.tamiya.com/english/products/15472/index.html,,needs approved upload,0,0,0,0,0,coming soon,false,false,false,58,tamiya-15472-frp-wide-front-plate-for-fully-cowled-mini-4wd,small_part,plates,false,false,unverified,,false,false,false,false,false,false
15524,FRP Wide Front Plate for VZ Chassis,parts,Plates,Universal,VZ|MA|FM-A|AR|Super X|Super XX,Not applicable,Beginner,First Upgrade,Front Plate|Wide Setting,true,core,true,Modern wide front FRP plate with broad compatibility and clear roller mounting positions.,https://www.tamiya.com/english/products/15524/index.html,,needs approved upload,0,0,0,0,0,coming soon,false,false,false,59,tamiya-15524-frp-wide-front-plate-for-vz-chassis,small_part,plates,false,false,unverified,,false,false,false,false,false,false
15498,HG Carbon Wide Front Plate 1.5mm,parts,Plates,Universal,FM-A|VZ|AR|MA|MS|ME|Super-II,Not applicable,Intermediate,Competitive B-MAX,Carbon Plate|Front Plate,true,expansion,false,Lighter and stiffer front plate for racers upgrading from FRP.,https://www.tamiya.com/english/products/15498/index.html,,needs approved upload,0,0,0,0,0,coming soon,false,false,false,60,tamiya-15498-hg-carbon-wide-front-plate-1-5mm,small_part,plates,false,false,unverified,,false,false,false,false,false,false
15499,HG Carbon Wide Rear Plate 1.5mm,parts,Plates,Universal,FM-A|VZ|AR|MA|MS|ME|Super-II,Not applicable,Intermediate,Competitive B-MAX,Carbon Plate|Rear Plate,true,expansion,false,Lighter and stiffer rear plate for competitive setups.,https://www.tamiya.com/english/products/15499/index.html,,needs approved upload,0,0,0,0,0,coming soon,false,false,false,61,tamiya-15499-hg-carbon-wide-rear-plate-1-5mm,small_part,plates,false,false,unverified,,false,false,false,false,false,false
15542,Super Hard 26mm Tires and Carbon Wheels,parts,Wheels/Tires,Universal,FM-A|VZ|AR|MA|MS|ME|Super-II,Not applicable,Beginner,Control Upgrade,Low Bounce|All-Round Tire,true,core,true,Stable all-round wheel and tire set that reduces bounce and is easy to recommend to beginners.,https://www.tamiya.com/english/products/15542/index.html,,needs approved upload,0,0,0,0,0,coming soon,false,false,false,62,tamiya-15542-super-hard-26mm-tires-and-carbon-wheels,small_part,wheels_tires,false,false,unverified,,false,false,false,false,false,false
15534,Low-Friction 26mm Tires and Carbon Wheels,parts,Wheels/Tires,Universal,FM-A|VZ|AR|MA|MS|ME|Super-II,Not applicable,Intermediate,Competitive B-MAX,Corner Speed|Low Grip,true,core,true,Lower-grip tire set for carrying more speed through corners once the car is already stable.,https://www.tamiya.com/english/products/15534/index.html,,needs approved upload,0,0,0,0,0,coming soon,false,false,false,63,tamiya-15534-low-friction-26mm-tires-and-carbon-wheels,small_part,wheels_tires,false,false,unverified,,false,false,false,false,false,false
15541,Low-Friction Narrow 24mm Tires and Carbon Wheels,parts,Wheels/Tires,Universal,FM-A|VZ|AR|MA|MS|ME|Super-II,Not applicable,Intermediate,Competitive B-MAX,Low Center of Gravity|Corner Speed,true,expansion,false,Small-diameter narrow setup for lowering the car and tuning speed on technical tracks.,https://www.tamiya.com/english/products/15541/index.html,,needs approved upload,0,0,0,0,0,coming soon,false,false,false,64,tamiya-15541-low-friction-narrow-24mm-tires-and-carbon-wheels,small_part,wheels_tires,false,false,unverified,,false,false,false,false,false,false
15544,Low-Friction 31mm Tires and Carbon Wheels,parts,Wheels/Tires,Universal,FM-A|VZ|AR|MA|MS|ME|Super-II,Not applicable,Advanced,Competitive B-MAX,Large Diameter|Top Speed,true,special_order,false,Large-diameter option for advanced speed-focused builds. Keep as limited stock or special order.,https://www.tamiya.com/english/products/15544/index.html,,needs approved upload,0,0,0,0,0,coming soon,false,false,false,65,tamiya-15544-low-friction-31mm-tires-and-carbon-wheels,small_part,wheels_tires,false,false,unverified,,false,false,false,false,false,false
15453,Carbon-Reinforced 8T Pinion Gears 6pcs,parts,Shafts/Gears,Universal,FM-A|VZ|AR|MA|MS|ME|Super-II,Not applicable,Beginner,Reliability Upgrade,Pinion|Durability,true,core,true,Durable replacement pinions for routine maintenance and motor changes.,https://www.tamiya.com/english/products/15453/index.html,,needs approved upload,0,0,0,0,0,coming soon,false,false,false,66,tamiya-15453-carbon-reinforced-8t-pinion-gears-6pcs,small_part,gears_drivetrain,false,false,unverified,,false,false,false,false,false,false
15462,Carbon-Reinforced G13 and 8T Pinion Gear Set,parts,Shafts/Gears,Universal,FM-A|VZ|AR|MA|MS|ME|Super-II,Not applicable,Intermediate,Reliability Upgrade,Gear|Pinion|Efficiency,true,core,true,Reinforced gear and pinion set for reducing wear in upgraded drivetrains.,https://www.tamiya.com/english/products/15462/index.html,,needs approved upload,0,0,0,0,0,coming soon,false,false,false,67,tamiya-15462-carbon-reinforced-g13-and-8t-pinion-gear-set,small_part,gears_drivetrain,false,false,unverified,,false,false,false,false,false,false
15456,Setting Gear Set for AR Chassis,parts,Shafts/Gears,AR,AR,Not applicable,Beginner,Reliability Upgrade,Gear Set|AR,true,expansion,false,Useful AR replacement and tuning gear set.,https://www.tamiya.com/english/products/15456/index.html,,needs approved upload,0,0,0,0,0,coming soon,false,false,false,68,tamiya-15456-setting-gear-set-for-ar-chassis,small_part,gears_drivetrain,false,false,unverified,,false,false,false,false,false,false
15516,Setting Gear Set for FM-A Chassis,parts,Shafts/Gears,FM-A,FM-A,Not applicable,Beginner,Reliability Upgrade,Gear Set|FM-A,true,expansion,false,Useful FM-A replacement and tuning gear set.,https://www.tamiya.com/english/products/15516/index.html,,needs approved upload,0,0,0,0,0,coming soon,false,false,false,69,tamiya-15516-setting-gear-set-for-fm-a-chassis,small_part,gears_drivetrain,false,false,unverified,,false,false,false,false,false,false
15429,PRO High-Speed EX Gear Set,parts,Shafts/Gears,Universal,MA|MS|ME,PRO dual-shaft,Intermediate,Speed Upgrade,Gear Ratio|PRO,true,core,true,"High-speed gear option for MA, MS and ME cars. Explain gear ratio before sale.",https://www.tamiya.com/english/products/15429/index.html,,needs approved upload,0,0,0,0,0,coming soon,false,false,false,70,tamiya-15429-pro-high-speed-ex-gear-set,small_part,gears_drivetrain,false,false,unverified,,false,false,false,false,false,false
15434,High-Speed EX Counter Gear Set 3.7:1,parts,Shafts/Gears,Universal,FM-A|VZ|AR|Super-II|Super X|Super XX|VS,Single-shaft,Intermediate,Speed Upgrade,Gear Ratio|Single-Shaft,true,core,true,3.7:1 counter gear option for compatible single-shaft cars.,https://www.tamiya.com/english/products/15434/index.html,,needs approved upload,0,0,0,0,0,coming soon,false,false,false,71,tamiya-15434-high-speed-ex-counter-gear-set-3-7-1,small_part,gears_drivetrain,false,false,unverified,,false,false,false,false,false,false
15347,Mini 4WD PRO Gear Bearing Set,parts,Bearings,Universal,MA|MS|ME,PRO dual-shaft,Intermediate,Efficiency Upgrade,Gear Bearing|PRO,true,core,true,Ball bearings and gear shafts that reduce counter-gear friction in MA and MS cars.,https://www.tamiya.com/english/products/15347/index.html,,needs approved upload,0,0,0,0,0,coming soon,false,false,false,72,tamiya-15347-mini-4wd-pro-gear-bearing-set,small_part,bearings,false,false,unverified,,false,false,false,false,false,false
15523,Low-Friction Plastic Bearing Set,parts,Bearings,Universal,FM-A|VZ|AR|MA|MS|ME|Super-II,Not applicable,Beginner,Efficiency Upgrade,Budget Bearing|Low Friction,true,core,true,Affordable low-friction replacement bearings for beginners not ready for full ball bearings.,https://www.tamiya.com/english/products/15523/index.html,,needs approved upload,0,0,0,0,0,coming soon,false,false,false,73,tamiya-15523-low-friction-plastic-bearing-set,small_part,bearings,false,false,unverified,,false,false,false,false,false,false
15519,HG Round-Hole Ball Bearings 4pcs,parts,Bearings,Universal,FM-A|VZ|AR|MA|MS|ME|Super-II,Not applicable,Intermediate,Efficiency Upgrade,Ball Bearing|Axle Efficiency,true,core,true,Premium axle bearings for smoother wheel rotation and improved efficiency.,https://www.tamiya.com/english/products/15519/index.html,,needs approved upload,0,0,0,0,0,coming soon,false,false,false,74,tamiya-15519-hg-round-hole-ball-bearings-4pcs,small_part,bearings,false,false,unverified,,false,false,false,false,false,false
15416,60mm Reinforced Shafts Black 4pcs,parts,Shafts/Gears,Universal,MA|MS|AR|VZ|Super-II,Not applicable,Beginner,Reliability Upgrade,Axle|Durability,true,core,true,Stronger 60mm axles for compatible chassis. Useful replacement stock item.,https://www.tamiya.com/english/products/15416/index.html,,needs approved upload,0,0,0,0,0,coming soon,false,false,false,75,tamiya-15416-60mm-reinforced-shafts-black-4pcs,small_part,gears_drivetrain,false,false,unverified,,false,false,false,false,false,false
15417,72mm Reinforced Shafts Black 4pcs,parts,Shafts/Gears,Universal,FM-A|Super X|Super XX,Not applicable,Beginner,Reliability Upgrade,Axle|Durability,true,expansion,false,Stronger 72mm axles for wide chassis and compatible front-motor setups.,https://www.tamiya.com/english/products/15417/index.html,,needs approved upload,0,0,0,0,0,coming soon,false,false,false,76,tamiya-15417-72mm-reinforced-shafts-black-4pcs,small_part,gears_drivetrain,false,false,unverified,,false,false,false,false,false,false
15508,Stainless Steel Screw Set 15/20/25/30mm,parts,Screws/Nuts,Universal,FM-A|VZ|AR|MA|MS|ME|Super-II,Not applicable,Beginner,Workshop Essential,Screws|Hardware,true,core,true,"Common screw lengths for adding plates, rollers and dampers. A high-repeat-purchase item.",https://www.tamiya.com/english/products/15508/index.html,,needs approved upload,0,0,0,0,0,coming soon,false,false,false,77,tamiya-15508-stainless-steel-screw-set-15-20-25-30mm,small_part,screws_spacers,false,false,unverified,,false,false,false,false,false,false
15510,Stainless Steel Countersunk Screw Set 10/12/20/25/30mm,parts,Screws/Nuts,Universal,FM-A|VZ|AR|MA|MS|ME|Super-II,Not applicable,Intermediate,Competitive B-MAX,Countersunk Screws|Ground Clearance,true,core,true,Countersunk hardware for cleaner plate mounting where the rules and plate design permit it.,https://www.tamiya.com/english/products/15510/index.html,,needs approved upload,0,0,0,0,0,coming soon,false,false,false,78,tamiya-15510-stainless-steel-countersunk-screw-set-10-12-20-25-30mm,small_part,screws_spacers,false,false,unverified,,false,false,false,false,false,false
15527,Stainless Steel Countersunk Screw Set 6/8/15mm,parts,Screws/Nuts,Universal,FM-A|VZ|AR|MA|MS|ME|Super-II,Not applicable,Intermediate,Competitive B-MAX,Short Screws|Ground Clearance,true,expansion,false,Short countersunk screws for compact plate and brake installations.,https://www.tamiya.com/english/products/15527/index.html,,needs approved upload,0,0,0,0,0,coming soon,false,false,false,79,tamiya-15527-stainless-steel-countersunk-screw-set-6-8-15mm,small_part,screws_spacers,false,false,unverified,,false,false,false,false,false,false
15473,Aluminum Spacer Set 12/6.7/6/3/1.5mm,parts,Screws/Nuts,Universal,FM-A|VZ|AR|MA|MS|ME|Super-II,Not applicable,Beginner,Workshop Essential,Spacers|Roller Height,true,core,true,Multiple spacer sizes for setting roller and stabilizer height.,https://www.tamiya.com/english/products/15473/index.html,,needs approved upload,0,0,0,0,0,coming soon,false,false,false,80,tamiya-15473-aluminum-spacer-set-12-6-7-6-3-1-5mm,small_part,screws_spacers,false,false,unverified,,false,false,false,false,false,false
15506,Lightweight Plastic Spacer Set,parts,Screws/Nuts,Universal,FM-A|VZ|AR|MA|MS|ME|Super-II,Not applicable,Beginner,Workshop Essential,Spacers|Lightweight,true,core,true,Budget lightweight spacers for learning setup height before buying more aluminum hardware.,https://www.tamiya.com/english/products/15506/index.html,,needs approved upload,0,0,0,0,0,coming soon,false,false,false,81,tamiya-15506-lightweight-plastic-spacer-set,small_part,screws_spacers,false,false,unverified,,false,false,false,false,false,false
15463,Mini 4WD Multipurpose Tape 10mm Blue,parts,Accessories,Universal,Universal,Not applicable,Beginner,Workshop Essential,Tape|Maintenance,true,core,true,Useful for securing batteries and temporary setup work. Easy add-on sale.,https://www.tamiya.com/english/products/15463/index.html,,needs approved upload,0,0,0,0,0,coming soon,false,false,false,82,tamiya-15463-mini-4wd-multipurpose-tape-10mm-blue,small_part,accessories,false,false,unverified,,false,false,false,false,false,false
15474,Mini 4WD Car Catcher,parts,Accessories,Universal,Universal,Not applicable,Beginner,Workshop Essential,Safety|Track Tool,true,core,true,Safer way to collect fast cars from the track. Recommended for every racer.,https://www.tamiya.com/english/products/15474/index.html,,needs approved upload,0,0,0,0,0,coming soon,false,false,false,83,tamiya-15474-mini-4wd-car-catcher,small_part,accessories,false,false,unverified,,false,false,false,false,false,false
15465,Mini 4WD Oil Applicator,parts,Accessories,Universal,Universal,Not applicable,Beginner,Maintenance,Lubrication|Precision Tool,true,expansion,false,Precision applicator for controlled lubrication without flooding the motor or bearings.,https://www.tamiya.com/english/products/15465/index.html,,needs approved upload,0,0,0,0,0,coming soon,false,false,false,84,tamiya-15465-mini-4wd-oil-applicator,small_part,accessories,false,false,unverified,,false,false,false,false,false,false
15383,Mini 4WD F Grease,parts,Accessories,Universal,Universal,Not applicable,Beginner,Maintenance,Grease|Gear Maintenance,true,core,true,Low-friction grease for routine gear and drivetrain maintenance.,https://www.tamiya.com/english/products/15383/index.html,,needs approved upload,0,0,0,0,0,coming soon,false,false,false,85,tamiya-15383-mini-4wd-f-grease,small_part,accessories,false,false,unverified,,false,false,false,false,false,false
15505,Mini 4WD Motor Case 2,parts,Accessories,Universal,Universal,Not applicable,Beginner,Storage,Motor Storage|Organization,true,expansion,false,Protects and organizes spare motors and small parts.,https://www.tamiya.com/english/products/15505/index.html,,needs approved upload,0,0,0,0,0,coming soon,false,false,false,86,tamiya-15505-mini-4wd-motor-case-2,small_part,accessories,false,false,unverified,,false,false,false,false,false,false
19431,Magnum Saber,cars,Mini 4WD Kit,AR,AR,Single-shaft,Intermediate,Box Stock,Collector,false,expansion,false,Existing club item pending a verified Philippine supplier cost — kept visible as PRICE PENDING rather than hidden.,,,needs approved upload,0,0,0,0,0,coming soon,false,false,true,87,tamiya-19431-magnum-saber,complete_car_kit,,true,false,unverified,,false,false,false,false,false,false
